Mean_PPI_ms,Mean_HR_bpm,SDNN_ms,RMSSD_ms
781.415986949429,76.78368628498897,27.57315416990543,42.30113025575983
